epoch,lr,train_loss,train_acc,val_loss,val_acc,val_precision_macro,val_recall_macro,val_f1_macro,epoch_time_sec
1,0.0003,0.9230,0.7162,0.5682,0.8115,0.8108,0.8115,0.8088,114.7
2,0.000298153,0.6112,0.7908,0.5128,0.8206,0.8207,0.8206,0.8175,96.1
3,0.000292658,0.5635,0.8023,0.4804,0.8300,0.8299,0.8300,0.8287,94.4
4,0.000283651,0.5408,0.8092,0.4708,0.8320,0.8330,0.8320,0.8322,93.1
5,0.000271353,0.5278,0.8129,0.4623,0.8330,0.8374,0.8330,0.8342,92.5
6,0.000256066,0.3283,0.8832,0.2478,0.9050,0.9131,0.9050,0.9066,337.8
7,0.000238168,0.2268,0.9167,0.2031,0.9285,0.9292,0.9285,0.9274,343.0
8,0.000218099,0.2010,0.9270,0.1962,0.9310,0.9325,0.9310,0.9300,352.7
9,0.000196353,0.1786,0.9359,0.2089,0.9252,0.9263,0.9252,0.9246,355.5
10,0.000173465,0.1609,0.9406,0.1910,0.9310,0.9317,0.9310,0.9307,355.6
11,0.00015,0.1457,0.9461,0.1703,0.9415,0.9415,0.9415,0.9410,354.3
12,0.000126535,0.1258,0.9540,0.1594,0.9450,0.9457,0.9450,0.9451,340.3
13,0.000103647,0.1099,0.9606,0.1601,0.9451,0.9470,0.9451,0.9454,337.4
14,8.19014e-05,0.0915,0.9668,0.1532,0.9505,0.9508,0.9505,0.9505,337.1
15,6.18322e-05,0.0748,0.9733,0.1539,0.9510,0.9508,0.9510,0.9507,337.2
16,4.3934e-05,0.0603,0.9784,0.1542,0.9520,0.9521,0.9520,0.9520,338.7
17,2.86475e-05,0.0472,0.9838,0.1567,0.9518,0.9519,0.9518,0.9518,332.7
18,1.6349e-05,0.0360,0.9879,0.1553,0.9540,0.9542,0.9540,0.9540,327.7
19,7.34152e-06,0.0293,0.9904,0.1629,0.9543,0.9545,0.9543,0.9543,333.5
20,1.84675e-06,0.0249,0.9922,0.1622,0.9553,0.9554,0.9553,0.9553,331.2
