epoch,lr,train_loss,train_acc,val_loss,val_acc,val_precision_macro,val_recall_macro,val_f1_macro,epoch_time_sec
1,0.001,0.8224,0.7064,0.4824,0.8255,0.8265,0.8255,0.8222,17.7
2,0.000997261,0.5125,0.8144,0.3881,0.8538,0.8584,0.8538,0.8511,11.1
3,0.000989074,0.4390,0.8433,0.3482,0.8719,0.8776,0.8719,0.8650,10.3
4,0.000975528,0.3951,0.8572,0.3237,0.8839,0.8857,0.8839,0.8829,9.6
5,0.000956773,0.3646,0.8715,0.3032,0.8914,0.8928,0.8914,0.8903,9.1
6,0.000933013,0.3441,0.8770,0.2723,0.9001,0.8997,0.9001,0.8980,9.0
7,0.000904508,0.3261,0.8832,0.2714,0.8998,0.9012,0.8998,0.9002,10.3
8,0.000871572,0.3131,0.8897,0.2602,0.9023,0.9032,0.9023,0.9001,10.0
9,0.000834565,0.3032,0.8926,0.2806,0.8958,0.9112,0.8958,0.8978,9.2
10,0.000793893,0.2904,0.8981,0.2563,0.9087,0.9115,0.9087,0.9087,11.0
11,0.00075,0.2805,0.8998,0.2355,0.9140,0.9143,0.9140,0.9139,11.6
12,0.000703368,0.2718,0.9034,0.2287,0.9181,0.9198,0.9181,0.9185,12.5
13,0.000654508,0.2626,0.9064,0.2309,0.9185,0.9195,0.9185,0.9187,10.6
14,0.000603956,0.2577,0.9081,0.2253,0.9190,0.9203,0.9190,0.9190,12.6
15,0.000552264,0.2502,0.9099,0.2285,0.9189,0.9203,0.9189,0.9181,12.6
16,0.0005,0.2442,0.9128,0.2143,0.9243,0.9249,0.9243,0.9244,12.0
17,0.000447736,0.2366,0.9160,0.2208,0.9194,0.9200,0.9194,0.9181,13.3
18,0.000396044,0.2277,0.9182,0.2039,0.9258,0.9265,0.9258,0.9260,14.1
19,0.000345492,0.2258,0.9205,0.2058,0.9282,0.9284,0.9282,0.9282,14.5
20,0.000296632,0.2195,0.9217,0.1980,0.9312,0.9311,0.9312,0.9309,16.5
21,0.00025,0.2117,0.9252,0.1995,0.9310,0.9312,0.9310,0.9309,12.4
22,0.000206107,0.2100,0.9256,0.1993,0.9295,0.9294,0.9295,0.9291,11.3
23,0.000165435,0.2047,0.9276,0.1965,0.9293,0.9294,0.9293,0.9291,12.4
24,0.000128428,0.1995,0.9285,0.1928,0.9317,0.9318,0.9317,0.9317,14.1
25,9.54915e-05,0.2004,0.9288,0.1937,0.9314,0.9312,0.9314,0.9311,14.8
26,6.69873e-05,0.1967,0.9307,0.1911,0.9330,0.9327,0.9330,0.9327,17.5
27,4.32273e-05,0.1937,0.9314,0.1902,0.9329,0.9326,0.9329,0.9326,15.5
28,2.44717e-05,0.1909,0.9322,0.1886,0.9333,0.9330,0.9333,0.9331,13.8
29,1.09262e-05,0.1903,0.9324,0.1885,0.9333,0.9332,0.9333,0.9332,13.7
30,2.73905e-06,0.1886,0.9334,0.1883,0.9332,0.9331,0.9332,0.9331,14.2
